{
    "mass": 3.3445400000000005,
    "centerOfMass": [
        0.00009957134760272118,
        0.0026088661988789968,
        0.22058048648142956
    ],
    "inertia": [
        0.03843247,
        0.0,
        0.0,
        0.0,
        0.0383,
        0.0,
        0.0,
        0.0,
        0.00711868
    ],
    "transformation": [
        1.0,
        0.0,
        0.0,
        0.0,
        0.0,
        1.0,
        0.0,
        0.0,
        0.0,
        0.0,
        1.0,
        0.0,
        0.0,
        0.0,
        0.0,
        1.0
    ],
    "collisionModel": {
        "pointA": [
            0.0,
            0.005,
            0.0,
            0.0,
            0.0,
            0.0,
            0.0,
            0.0,
            0.0
        ],
        "pointB": [
            0.0,
            -0.005,
            0.0,
            0.0,
            0.0,
            0.0,
            0.0,
            0.0,
            0.0
        ],
        "radius": [
            0.005,
            0.0,
            0.0
        ]
    }
}