{
    "mass": 2.50009,
    "centerOfMass": [
        0.0000027867036532762485,
        -0.004186627517735343,
        0.18007031747281794
    ],
    "inertia": [
        0.03843247,
        0.0,
        0.0,
        0.0,
        0.0383,
        0.0,
        0.0,
        0.0,
        0.00711868
    ],
    "transformation": [
        1.0,
        0.0,
        0.0,
        0.0,
        0.0,
        1.0,
        0.0,
        0.0,
        0.0,
        0.0,
        1.0,
        0.0,
        0.0,
        0.0,
        0.0,
        1.0
    ],
    "collisionModel": {
        "pointA": [
            0.0,
            0.005,
            0.0,
            0.0,
            0.0,
            0.0,
            0.0,
            0.0,
            0.0
        ],
        "pointB": [
            0.0,
            -0.005,
            0.0,
            0.0,
            0.0,
            0.0,
            0.0,
            0.0,
            0.0
        ],
        "radius": [
            0.005,
            0.0,
            0.0
        ]
    }
}
