{
    "mass": 2.09276,
    "centerOfMass": [
        0.005099536846501237,
        0.00882659340801609,
        0.17134685325332928
    ],
    "inertia": [
        0.03843247,
        0.0,
        0.0,
        0.0,
        0.0383,
        0.0,
        0.0,
        0.0,
        0.00711868
    ],
    "transformation": {
        "translation": [
            -6.716594257312879e-16,
            -1.163348250749133e-15,
            0.44074799999985767
        ],
        "rotation": [
            0.86602540378444,
            -0.49999999999999758,
            0.0,
            -0.49999999999999758,
            -0.86602540378444,
            -3.2310891488651736e-15,
            1.6155445744325789e-15,
            2.7982052848094845e-15,
            -1.0
        ]
    }
}